--** The script is dumped by *ZSQL/EXP* tool, Zenith@Huawei Gauss Dept.
--** Dumped time: 2021-09-10 15:10:42.045

-- EXPORT TYPE = TABLE
-- EXPORT OBJECTS = XXL_JOB_GROUP, XXL_JOB_INFO, XXL_JOB_LOCK, XXL_JOB_REGISTRY, XXL_JOB_USER
-- FILE TYPE = TXT
-- DUMP FILE = xxljob_data.dmp
-- LOG FILE = 
-- QUERY = ""
-- COMPRESS = N
-- CONSISTENT = N
-- CONTENT_MODE = DATA_ONLY
-- SKIP_COMMENTS = N
-- FORCE = N
-- SKIP_ADD_DROP_TABLE = N
-- SKIP_TRIGGERS = N
-- QUOTE_NAMES = Y
-- TABLESPACE = N
-- COMMIT_BATCH = 1000
-- INSERT_BATCH = 1
-- FEEDBACK = 10000
-- PARALLEL = 0
-- TENANT = N
-- CREATE_USER = N
-- ROLE = N
-- GRANT = N
-- WITH_CR_MODE = N
-- WITH_FORMAT_CSF = Y
-- INDEX_PARTITIONS = N

ALTER SESSION SET NLS_DATE_FORMAT = 'YYYY-MM-DD HH24:MI:SS';
ALTER SESSION SET NLS_TIMESTAMP_FORMAT = 'YYYY-MM-DD HH24:MI:SS.FF';
ALTER SESSION SET NLS_TIMESTAMP_TZ_FORMAT = 'YYYY-MM-DD HH24:MI:SS.FF TZH:TZM';
ALTER SESSION SET NLS_TIME_FORMAT = 'HH:MI:SS.FF AM';
ALTER SESSION SET NLS_TIME_TZ_FORMAT = 'HH:MI:SS.FF AM TZR';

ALTER SESSION SET CURRENT_SCHEMA = XXL_JOB;

INSERT INTO "XXL_JOB_GROUP" ("ID","APP_NAME","TITLE","ADDRESS_TYPE","ADDRESS_LIST","UPDATE_TIME") values
  (3,'spc-service-executor','spc-service',0,'http://192.168.41.244:9999/','2021-09-10 15:14:15');
INSERT INTO "XXL_JOB_GROUP" ("ID","APP_NAME","TITLE","ADDRESS_TYPE","ADDRESS_LIST","UPDATE_TIME") values
  (2,'spc-rpt-executor','报表执行器',0,'http://192.168.185.230:9999/,http://192.168.243.26:9999/','2021-09-10 15:14:15');
INSERT INTO "XXL_JOB_GROUP" ("ID","APP_NAME","TITLE","ADDRESS_TYPE","ADDRESS_LIST","UPDATE_TIME") values
  (12,'spc-etl-executor','etl数据同步',0,'http://192.168.185.219:9999/,http://192.168.185.246:9999/,http://192.168.41.210:9999/,http://192.168.90.157:9999/,http://192.168.90.190:9999/','2021-09-10 15:14:15');
INSERT INTO "XXL_JOB_GROUP" ("ID","APP_NAME","TITLE","ADDRESS_TYPE","ADDRESS_LIST","UPDATE_TIME") values
  (201,'atuoLimitCalc','limit自动变更',0,'http://192.168.147.88:9999/,http://192.168.41.234:9999/,http://192.168.90.182:9999/','2021-09-10 15:14:15');
INSERT INTO "XXL_JOB_GROUP" ("ID","APP_NAME","TITLE","ADDRESS_TYPE","ADDRESS_LIST","UPDATE_TIME") values
  (202,'wat-service','wat-service',0,'http://192.168.185.205:9999/,http://192.168.243.14:9999/','2021-09-10 15:14:15');
COMMIT;

INSERT INTO "XXL_JOB_INFO" ("ID","JOB_GROUP","JOB_DESC","ADD_TIME","UPDATE_TIME","AUTHOR","ALARM_EMAIL","SCHEDULE_TYPE","SCHEDULE_CONF","MISFIRE_STRATEGY","EXECUTOR_ROUTE_STRATEGY","EXECUTOR_HANDLER","EXECUTOR_PARAM","EXECUTOR_BLOCK_STRATEGY","EXECUTOR_TIMEOUT","EXECUTOR_FAIL_RETRY_COUNT","GLUE_TYPE","GLUE_SOURCE","GLUE_REMARK","GLUE_UPDATETIME","CHILD_JOBID","TRIGGER_STATUS","TRIGGER_LAST_TIME","TRIGGER_NEXT_TIME") values
  (21,2,'RT年报表','2021-01-07 21:51:44','2021-03-25 14:13:55','liucongcong lwx891411',null,'CRON','0 5 8 1 1 ?','DO_NOTHING','FIRST','rptJobHandler','{"jobType":"RT","periodType":"YEARLY","scheduleType":"Manual"}','SERIAL_EXECUTION',7200,2,'BEAN',null,'GLUE代码初始化','2021-01-07 21:51:44',null,1,0,1640995500000);
INSERT INTO "XXL_JOB_INFO" ("ID","JOB_GROUP","JOB_DESC","ADD_TIME","UPDATE_TIME","AUTHOR","ALARM_EMAIL","SCHEDULE_TYPE","SCHEDULE_CONF","MISFIRE_STRATEGY","EXECUTOR_ROUTE_STRATEGY","EXECUTOR_HANDLER","EXECUTOR_PARAM","EXECUTOR_BLOCK_STRATEGY","EXECUTOR_TIMEOUT","EXECUTOR_FAIL_RETRY_COUNT","GLUE_TYPE","GLUE_SOURCE","GLUE_REMARK","GLUE_UPDATETIME","CHILD_JOBID","TRIGGER_STATUS","TRIGGER_LAST_TIME","TRIGGER_NEXT_TIME") values
  (8,2,'test_lcc','2020-12-24 16:33:10','2021-08-12 21:34:57','liucongcong lwx891411',null,'CRON','0 5 8 * * ?','DO_NOTHING','ROUND','TestJobHandle',null,'SERIAL_EXECUTION',0,0,'BEAN',null,'GLUE代码初始化','2020-12-24 16:33:10',null,0,0,0);
INSERT INTO "XXL_JOB_INFO" ("ID","JOB_GROUP","JOB_DESC","ADD_TIME","UPDATE_TIME","AUTHOR","ALARM_EMAIL","SCHEDULE_TYPE","SCHEDULE_CONF","MISFIRE_STRATEGY","EXECUTOR_ROUTE_STRATEGY","EXECUTOR_HANDLER","EXECUTOR_PARAM","EXECUTOR_BLOCK_STRATEGY","EXECUTOR_TIMEOUT","EXECUTOR_FAIL_RETRY_COUNT","GLUE_TYPE","GLUE_SOURCE","GLUE_REMARK","GLUE_UPDATETIME","CHILD_JOBID","TRIGGER_STATUS","TRIGGER_LAST_TIME","TRIGGER_NEXT_TIME") values
  (3,2,'天报表执行','2020-12-22 14:32:12','2020-12-23 15:56:43','dengmoyao',null,'CRON','0 5 8 * * ?','DO_NOTHING','RANDOM','jobExecuteHandler','DAILY','SERIAL_EXECUTION',0,0,'BEAN',null,'GLUE代码初始化','2020-12-22 14:32:12',null,0,0,0);
INSERT INTO "XXL_JOB_INFO" ("ID","JOB_GROUP","JOB_DESC","ADD_TIME","UPDATE_TIME","AUTHOR","ALARM_EMAIL","SCHEDULE_TYPE","SCHEDULE_CONF","MISFIRE_STRATEGY","EXECUTOR_ROUTE_STRATEGY","EXECUTOR_HANDLER","EXECUTOR_PARAM","EXECUTOR_BLOCK_STRATEGY","EXECUTOR_TIMEOUT","EXECUTOR_FAIL_RETRY_COUNT","GLUE_TYPE","GLUE_SOURCE","GLUE_REMARK","GLUE_UPDATETIME","CHILD_JOBID","TRIGGER_STATUS","TRIGGER_LAST_TIME","TRIGGER_NEXT_TIME") values
  (9,2,'RT日报表','2020-12-25 10:52:17','2021-03-19 17:50:29','WX535896',null,'CRON','0 5 8 * * ?','DO_NOTHING','FIRST','rptJobHandler','{"jobType":"RT","periodType":"DAILY","scheduleType":"Manual"}','SERIAL_EXECUTION',3600,2,'BEAN',null,'GLUE代码初始化','2020-12-25 10:52:17',null,1,1631232300000,1631318700000);
INSERT INTO "XXL_JOB_INFO" ("ID","JOB_GROUP","JOB_DESC","ADD_TIME","UPDATE_TIME","AUTHOR","ALARM_EMAIL","SCHEDULE_TYPE","SCHEDULE_CONF","MISFIRE_STRATEGY","EXECUTOR_ROUTE_STRATEGY","EXECUTOR_HANDLER","EXECUTOR_PARAM","EXECUTOR_BLOCK_STRATEGY","EXECUTOR_TIMEOUT","EXECUTOR_FAIL_RETRY_COUNT","GLUE_TYPE","GLUE_SOURCE","GLUE_REMARK","GLUE_UPDATETIME","CHILD_JOBID","TRIGGER_STATUS","TRIGGER_LAST_TIME","TRIGGER_NEXT_TIME") values
  (17,3,'SPC_OCAP_FLOW表同步','2021-01-07 18:24:41','2021-01-27 14:55:07','lx',null,'CRON','0 0/3 * * * ?','DO_NOTHING','ROUND','grpcFlowIdJobHandler',null,'SERIAL_EXECUTION',0,0,'BEAN',null,'GLUE代码初始化','2021-01-07 18:24:41',null,1,1631257920000,1631258100000);
INSERT INTO "XXL_JOB_INFO" ("ID","JOB_GROUP","JOB_DESC","ADD_TIME","UPDATE_TIME","AUTHOR","ALARM_EMAIL","SCHEDULE_TYPE","SCHEDULE_CONF","MISFIRE_STRATEGY","EXECUTOR_ROUTE_STRATEGY","EXECUTOR_HANDLER","EXECUTOR_PARAM","EXECUTOR_BLOCK_STRATEGY","EXECUTOR_TIMEOUT","EXECUTOR_FAIL_RETRY_COUNT","GLUE_TYPE","GLUE_SOURCE","GLUE_REMARK","GLUE_UPDATETIME","CHILD_JOBID","TRIGGER_STATUS","TRIGGER_LAST_TIME","TRIGGER_NEXT_TIME") values
  (20,2,'RT季报表','2021-01-07 21:51:26','2021-03-25 09:45:33','liucongcong lwx891411',null,'CRON','0 5 8 1 1,4,7,10 ?','DO_NOTHING','FIRST','rptJobHandler','{"jobType":"RT","periodType":"QUARTERLY","scheduleType":"Manual"}','SERIAL_EXECUTION',3600,2,'BEAN',null,'GLUE代码初始化','2021-01-07 21:51:26',null,1,1625097900000,1633046700000);
INSERT INTO "XXL_JOB_INFO" ("ID","JOB_GROUP","JOB_DESC","ADD_TIME","UPDATE_TIME","AUTHOR","ALARM_EMAIL","SCHEDULE_TYPE","SCHEDULE_CONF","MISFIRE_STRATEGY","EXECUTOR_ROUTE_STRATEGY","EXECUTOR_HANDLER","EXECUTOR_PARAM","EXECUTOR_BLOCK_STRATEGY","EXECUTOR_TIMEOUT","EXECUTOR_FAIL_RETRY_COUNT","GLUE_TYPE","GLUE_SOURCE","GLUE_REMARK","GLUE_UPDATETIME","CHILD_JOBID","TRIGGER_STATUS","TRIGGER_LAST_TIME","TRIGGER_NEXT_TIME") values
  (18,2,'RT月报表','2021-01-07 21:46:22','2021-03-25 09:59:47','liucongcong lwx891411',null,'CRON','0 0 8 1 * ?','DO_NOTHING','FIRST','rptJobHandler','{"jobType":"RT","periodType":"MONTHLY","scheduleType":"Manual"}','SERIAL_EXECUTION',3600,2,'BEAN',null,'GLUE代码初始化','2021-01-07 21:46:22',null,1,1630454400000,1633046400000);
INSERT INTO "XXL_JOB_INFO" ("ID","JOB_GROUP","JOB_DESC","ADD_TIME","UPDATE_TIME","AUTHOR","ALARM_EMAIL","SCHEDULE_TYPE","SCHEDULE_CONF","MISFIRE_STRATEGY","EXECUTOR_ROUTE_STRATEGY","EXECUTOR_HANDLER","EXECUTOR_PARAM","EXECUTOR_BLOCK_STRATEGY","EXECUTOR_TIMEOUT","EXECUTOR_FAIL_RETRY_COUNT","GLUE_TYPE","GLUE_SOURCE","GLUE_REMARK","GLUE_UPDATETIME","CHILD_JOBID","TRIGGER_STATUS","TRIGGER_LAST_TIME","TRIGGER_NEXT_TIME") values
  (19,2,'RT周报表','2021-01-07 21:50:36','2021-03-25 09:45:49','liucongcong lwx891411',null,'CRON','0 5 8 ? * 2','DO_NOTHING','FIRST','rptJobHandler','{"jobType":"RT","periodType":"WEEKLY","scheduleType":"Manual"}','SERIAL_EXECUTION',3600,2,'BEAN',null,'GLUE代码初始化','2021-01-07 21:50:36',null,1,1630886700000,1631491500000);
INSERT INTO "XXL_JOB_INFO" ("ID","JOB_GROUP","JOB_DESC","ADD_TIME","UPDATE_TIME","AUTHOR","ALARM_EMAIL","SCHEDULE_TYPE","SCHEDULE_CONF","MISFIRE_STRATEGY","EXECUTOR_ROUTE_STRATEGY","EXECUTOR_HANDLER","EXECUTOR_PARAM","EXECUTOR_BLOCK_STRATEGY","EXECUTOR_TIMEOUT","EXECUTOR_FAIL_RETRY_COUNT","GLUE_TYPE","GLUE_SOURCE","GLUE_REMARK","GLUE_UPDATETIME","CHILD_JOBID","TRIGGER_STATUS","TRIGGER_LAST_TIME","TRIGGER_NEXT_TIME") values
  (22,2,'RT weekly to day','2021-01-07 21:52:17','2021-03-25 09:44:51','liucongcong lwx891411',null,'CRON','0 5 8 1/1 1/1 ?','DO_NOTHING','FIRST','rptJobHandler','{"jobType":"RT","periodType":"WEEKLYTODAY","scheduleType":"Manual"}','SERIAL_EXECUTION',3600,2,'BEAN',null,'GLUE代码初始化','2021-01-07 21:52:17',null,1,1631232300000,1631318700000);
INSERT INTO "XXL_JOB_INFO" ("ID","JOB_GROUP","JOB_DESC","ADD_TIME","UPDATE_TIME","AUTHOR","ALARM_EMAIL","SCHEDULE_TYPE","SCHEDULE_CONF","MISFIRE_STRATEGY","EXECUTOR_ROUTE_STRATEGY","EXECUTOR_HANDLER","EXECUTOR_PARAM","EXECUTOR_BLOCK_STRATEGY","EXECUTOR_TIMEOUT","EXECUTOR_FAIL_RETRY_COUNT","GLUE_TYPE","GLUE_SOURCE","GLUE_REMARK","GLUE_UPDATETIME","CHILD_JOBID","TRIGGER_STATUS","TRIGGER_LAST_TIME","TRIGGER_NEXT_TIME") values
  (23,2,'RT Monthly to day','2021-01-07 21:52:49','2021-03-25 09:44:59','liucongcong lwx891411',null,'CRON','0 5 8 1/1 1/1 ?','DO_NOTHING','FIRST','rptJobHandler','{"jobType":"RT","periodType":"MONTHLYTODAY","scheduleType":"Manual"}','SERIAL_EXECUTION',3600,2,'BEAN',null,'GLUE代码初始化','2021-01-07 21:52:49',null,1,1631232300000,1631318700000);
INSERT INTO "XXL_JOB_INFO" ("ID","JOB_GROUP","JOB_DESC","ADD_TIME","UPDATE_TIME","AUTHOR","ALARM_EMAIL","SCHEDULE_TYPE","SCHEDULE_CONF","MISFIRE_STRATEGY","EXECUTOR_ROUTE_STRATEGY","EXECUTOR_HANDLER","EXECUTOR_PARAM","EXECUTOR_BLOCK_STRATEGY","EXECUTOR_TIMEOUT","EXECUTOR_FAIL_RETRY_COUNT","GLUE_TYPE","GLUE_SOURCE","GLUE_REMARK","GLUE_UPDATETIME","CHILD_JOBID","TRIGGER_STATUS","TRIGGER_LAST_TIME","TRIGGER_NEXT_TIME") values
  (24,12,'Mes_FLOW相关表同步','2021-01-13 15:40:02','2021-01-23 15:08:49','lx',null,'CRON','0 0/30 * * * ?','DO_NOTHING','FIRST','syncOcapFlowJobExecutor',null,'SERIAL_EXECUTION',0,0,'BEAN',null,'GLUE代码初始化','2021-01-13 15:40:02',null,0,0,0);
INSERT INTO "XXL_JOB_INFO" ("ID","JOB_GROUP","JOB_DESC","ADD_TIME","UPDATE_TIME","AUTHOR","ALARM_EMAIL","SCHEDULE_TYPE","SCHEDULE_CONF","MISFIRE_STRATEGY","EXECUTOR_ROUTE_STRATEGY","EXECUTOR_HANDLER","EXECUTOR_PARAM","EXECUTOR_BLOCK_STRATEGY","EXECUTOR_TIMEOUT","EXECUTOR_FAIL_RETRY_COUNT","GLUE_TYPE","GLUE_SOURCE","GLUE_REMARK","GLUE_UPDATETIME","CHILD_JOBID","TRIGGER_STATUS","TRIGGER_LAST_TIME","TRIGGER_NEXT_TIME") values
  (25,2,'NonRT日报表','2021-01-25 19:06:55','2021-02-27 11:06:40','lwx891411',null,'CRON','0 0 8 * * ?','DO_NOTHING','FIRST','rptJobHandler','{"jobType":"NON_RT","periodType":"DAILY","scheduleType":"Manual"}','SERIAL_EXECUTION',0,2,'BEAN',null,'GLUE代码初始化','2021-01-25 19:06:55',null,1,1631232000000,1631318400000);
INSERT INTO "XXL_JOB_INFO" ("ID","JOB_GROUP","JOB_DESC","ADD_TIME","UPDATE_TIME","AUTHOR","ALARM_EMAIL","SCHEDULE_TYPE","SCHEDULE_CONF","MISFIRE_STRATEGY","EXECUTOR_ROUTE_STRATEGY","EXECUTOR_HANDLER","EXECUTOR_PARAM","EXECUTOR_BLOCK_STRATEGY","EXECUTOR_TIMEOUT","EXECUTOR_FAIL_RETRY_COUNT","GLUE_TYPE","GLUE_SOURCE","GLUE_REMARK","GLUE_UPDATETIME","CHILD_JOBID","TRIGGER_STATUS","TRIGGER_LAST_TIME","TRIGGER_NEXT_TIME") values
  (26,2,'NonRT周报表','2021-01-25 19:07:45','2021-03-16 10:17:46','lwx891411',null,'CRON','0 0 8 ? * 2','DO_NOTHING','FIRST','rptJobHandler','{"jobType":"NON_RT","periodType":"WEEKLY","scheduleType":"Manual"}','SERIAL_EXECUTION',0,2,'BEAN',null,'GLUE代码初始化','2021-01-25 19:07:45',null,1,1630886400000,1631491200000);
INSERT INTO "XXL_JOB_INFO" ("ID","JOB_GROUP","JOB_DESC","ADD_TIME","UPDATE_TIME","AUTHOR","ALARM_EMAIL","SCHEDULE_TYPE","SCHEDULE_CONF","MISFIRE_STRATEGY","EXECUTOR_ROUTE_STRATEGY","EXECUTOR_HANDLER","EXECUTOR_PARAM","EXECUTOR_BLOCK_STRATEGY","EXECUTOR_TIMEOUT","EXECUTOR_FAIL_RETRY_COUNT","GLUE_TYPE","GLUE_SOURCE","GLUE_REMARK","GLUE_UPDATETIME","CHILD_JOBID","TRIGGER_STATUS","TRIGGER_LAST_TIME","TRIGGER_NEXT_TIME") values
  (32,2,'NonRT月报表','2021-01-29 19:21:09','2021-08-12 21:17:44','lwx891411',null,'CRON','0 0 8 1 * ?','DO_NOTHING','FIRST','rptJobHandler','{"jobType":"NON_RT","periodType":"MONTHLY","scheduleType":"Manual"}','SERIAL_EXECUTION',0,2,'BEAN',null,'GLUE代码初始化','2021-01-29 19:21:09',null,1,1630454400000,1633046400000);
INSERT INTO "XXL_JOB_INFO" ("ID","JOB_GROUP","JOB_DESC","ADD_TIME","UPDATE_TIME","AUTHOR","ALARM_EMAIL","SCHEDULE_TYPE","SCHEDULE_CONF","MISFIRE_STRATEGY","EXECUTOR_ROUTE_STRATEGY","EXECUTOR_HANDLER","EXECUTOR_PARAM","EXECUTOR_BLOCK_STRATEGY","EXECUTOR_TIMEOUT","EXECUTOR_FAIL_RETRY_COUNT","GLUE_TYPE","GLUE_SOURCE","GLUE_REMARK","GLUE_UPDATETIME","CHILD_JOBID","TRIGGER_STATUS","TRIGGER_LAST_TIME","TRIGGER_NEXT_TIME") values
  (28,2,'NonRT季报表','2021-01-25 19:08:46','2021-03-16 10:20:03','lwx891411',null,'CRON','0 0 8 1 1/3 ?','DO_NOTHING','FIRST','rptJobHandler','{"jobType":"NON_RT","periodType":"QUARTERLY","scheduleType":"Manual"}','SERIAL_EXECUTION',0,2,'BEAN',null,'GLUE代码初始化','2021-01-25 19:08:46',null,1,1625097600000,1633046400000);
INSERT INTO "XXL_JOB_INFO" ("ID","JOB_GROUP","JOB_DESC","ADD_TIME","UPDATE_TIME","AUTHOR","ALARM_EMAIL","SCHEDULE_TYPE","SCHEDULE_CONF","MISFIRE_STRATEGY","EXECUTOR_ROUTE_STRATEGY","EXECUTOR_HANDLER","EXECUTOR_PARAM","EXECUTOR_BLOCK_STRATEGY","EXECUTOR_TIMEOUT","EXECUTOR_FAIL_RETRY_COUNT","GLUE_TYPE","GLUE_SOURCE","GLUE_REMARK","GLUE_UPDATETIME","CHILD_JOBID","TRIGGER_STATUS","TRIGGER_LAST_TIME","TRIGGER_NEXT_TIME") values
  (29,2,'NonRT年报表','2021-01-25 19:09:15','2021-03-16 10:21:08','lwx891411',null,'CRON','0 0 8 1 1 ? *','DO_NOTHING','FIRST','rptJobHandler','{"jobType":"NON_RT","periodType":"YEARLY","scheduleType":"Manual"}','SERIAL_EXECUTION',0,2,'BEAN',null,'GLUE代码初始化','2021-01-25 19:09:15',null,1,0,1640995200000);
INSERT INTO "XXL_JOB_INFO" ("ID","JOB_GROUP","JOB_DESC","ADD_TIME","UPDATE_TIME","AUTHOR","ALARM_EMAIL","SCHEDULE_TYPE","SCHEDULE_CONF","MISFIRE_STRATEGY","EXECUTOR_ROUTE_STRATEGY","EXECUTOR_HANDLER","EXECUTOR_PARAM","EXECUTOR_BLOCK_STRATEGY","EXECUTOR_TIMEOUT","EXECUTOR_FAIL_RETRY_COUNT","GLUE_TYPE","GLUE_SOURCE","GLUE_REMARK","GLUE_UPDATETIME","CHILD_JOBID","TRIGGER_STATUS","TRIGGER_LAST_TIME","TRIGGER_NEXT_TIME") values
  (30,2,'NonRT Weekly to day','2021-01-25 19:09:47','2021-03-16 10:22:21','lwx891411',null,'CRON','0 0 8 * * ?','DO_NOTHING','FIRST','rptJobHandler','{"jobType":"NON_RT","periodType":"WEEKLYTODAY","scheduleType":"Manual"}','SERIAL_EXECUTION',0,2,'BEAN',null,'GLUE代码初始化','2021-01-25 19:09:47',null,1,1631232000000,1631318400000);
INSERT INTO "XXL_JOB_INFO" ("ID","JOB_GROUP","JOB_DESC","ADD_TIME","UPDATE_TIME","AUTHOR","ALARM_EMAIL","SCHEDULE_TYPE","SCHEDULE_CONF","MISFIRE_STRATEGY","EXECUTOR_ROUTE_STRATEGY","EXECUTOR_HANDLER","EXECUTOR_PARAM","EXECUTOR_BLOCK_STRATEGY","EXECUTOR_TIMEOUT","EXECUTOR_FAIL_RETRY_COUNT","GLUE_TYPE","GLUE_SOURCE","GLUE_REMARK","GLUE_UPDATETIME","CHILD_JOBID","TRIGGER_STATUS","TRIGGER_LAST_TIME","TRIGGER_NEXT_TIME") values
  (31,2,'NonRT Monthly to day','2021-01-25 19:10:15','2021-03-16 10:23:05','lwx891411',null,'CRON','0 0 8 * * ?','DO_NOTHING','FIRST','rptJobHandler','{"jobType":"NON_RT","periodType":"MONTHLYTODAY","scheduleType":"Manual"}','SERIAL_EXECUTION',0,2,'BEAN',null,'GLUE代码初始化','2021-01-25 19:10:15',null,1,1631232000000,1631318400000);
INSERT INTO "XXL_JOB_INFO" ("ID","JOB_GROUP","JOB_DESC","ADD_TIME","UPDATE_TIME","AUTHOR","ALARM_EMAIL","SCHEDULE_TYPE","SCHEDULE_CONF","MISFIRE_STRATEGY","EXECUTOR_ROUTE_STRATEGY","EXECUTOR_HANDLER","EXECUTOR_PARAM","EXECUTOR_BLOCK_STRATEGY","EXECUTOR_TIMEOUT","EXECUTOR_FAIL_RETRY_COUNT","GLUE_TYPE","GLUE_SOURCE","GLUE_REMARK","GLUE_UPDATETIME","CHILD_JOBID","TRIGGER_STATUS","TRIGGER_LAST_TIME","TRIGGER_NEXT_TIME") values
  (33,3,'Dashboard定时调度','2021-03-18 20:32:04','2021-03-24 11:19:34','lx',null,'CRON','0 0 * * * ?','DO_NOTHING','ROUND','spcDashboardXxlJobHander',null,'SERIAL_EXECUTION',0,0,'BEAN',null,'GLUE代码初始化','2021-03-18 20:32:04',null,0,0,0);
INSERT INTO "XXL_JOB_INFO" ("ID","JOB_GROUP","JOB_DESC","ADD_TIME","UPDATE_TIME","AUTHOR","ALARM_EMAIL","SCHEDULE_TYPE","SCHEDULE_CONF","MISFIRE_STRATEGY","EXECUTOR_ROUTE_STRATEGY","EXECUTOR_HANDLER","EXECUTOR_PARAM","EXECUTOR_BLOCK_STRATEGY","EXECUTOR_TIMEOUT","EXECUTOR_FAIL_RETRY_COUNT","GLUE_TYPE","GLUE_SOURCE","GLUE_REMARK","GLUE_UPDATETIME","CHILD_JOBID","TRIGGER_STATUS","TRIGGER_LAST_TIME","TRIGGER_NEXT_TIME") values
  (34,3,'Duration Send Mail定时调度','2021-04-01 19:38:04','2021-04-01 19:38:04','lx',null,'CRON','0 0 0,20 * * ?','DO_NOTHING','FIRST','sendMailDurationAlert',null,'SERIAL_EXECUTION',0,0,'BEAN',null,'GLUE代码初始化','2021-04-01 19:38:04',null,0,0,0);
INSERT INTO "XXL_JOB_INFO" ("ID","JOB_GROUP","JOB_DESC","ADD_TIME","UPDATE_TIME","AUTHOR","ALARM_EMAIL","SCHEDULE_TYPE","SCHEDULE_CONF","MISFIRE_STRATEGY","EXECUTOR_ROUTE_STRATEGY","EXECUTOR_HANDLER","EXECUTOR_PARAM","EXECUTOR_BLOCK_STRATEGY","EXECUTOR_TIMEOUT","EXECUTOR_FAIL_RETRY_COUNT","GLUE_TYPE","GLUE_SOURCE","GLUE_REMARK","GLUE_UPDATETIME","CHILD_JOBID","TRIGGER_STATUS","TRIGGER_LAST_TIME","TRIGGER_NEXT_TIME") values
  (204,201,'测试xxl-auto','2021-07-24 15:43:00','2021-07-26 10:14:11','yanxiaoxin',null,'CRON','* * * * * ? *','DO_NOTHING','FIRST','autoLimitHandler','{
    "updateType": "AUTO",
    "jobId":""
}','SERIAL_EXECUTION',0,0,'BEAN',null,'GLUE代码初始化','2021-07-24 15:43:00',null,0,0,0);
INSERT INTO "XXL_JOB_INFO" ("ID","JOB_GROUP","JOB_DESC","ADD_TIME","UPDATE_TIME","AUTHOR","ALARM_EMAIL","SCHEDULE_TYPE","SCHEDULE_CONF","MISFIRE_STRATEGY","EXECUTOR_ROUTE_STRATEGY","EXECUTOR_HANDLER","EXECUTOR_PARAM","EXECUTOR_BLOCK_STRATEGY","EXECUTOR_TIMEOUT","EXECUTOR_FAIL_RETRY_COUNT","GLUE_TYPE","GLUE_SOURCE","GLUE_REMARK","GLUE_UPDATETIME","CHILD_JOBID","TRIGGER_STATUS","TRIGGER_LAST_TIME","TRIGGER_NEXT_TIME") values
  (203,201,'测试xxl','2021-07-23 15:38:34','2021-08-12 11:37:38','yanxiaoxin',null,'CRON','* * * * * ? *','DO_NOTHING','FIRST','autoLimitHandler','{
    "updateType": "AUTO",
    "jobId":"3124817"
}','SERIAL_EXECUTION',0,0,'BEAN',null,'GLUE代码初始化','2021-07-23 15:38:34',null,0,0,0);
INSERT INTO "XXL_JOB_INFO" ("ID","JOB_GROUP","JOB_DESC","ADD_TIME","UPDATE_TIME","AUTHOR","ALARM_EMAIL","SCHEDULE_TYPE","SCHEDULE_CONF","MISFIRE_STRATEGY","EXECUTOR_ROUTE_STRATEGY","EXECUTOR_HANDLER","EXECUTOR_PARAM","EXECUTOR_BLOCK_STRATEGY","EXECUTOR_TIMEOUT","EXECUTOR_FAIL_RETRY_COUNT","GLUE_TYPE","GLUE_SOURCE","GLUE_REMARK","GLUE_UPDATETIME","CHILD_JOBID","TRIGGER_STATUS","TRIGGER_LAST_TIME","TRIGGER_NEXT_TIME") values
  (205,202,'limit文件同步','2021-08-12 10:28:52','2021-08-14 08:55:29','wangzhongfu',null,'CRON','0 0 0/1 * * ?','DO_NOTHING','FIRST','specLimitHandler',null,'SERIAL_EXECUTION',0,0,'BEAN',null,'GLUE代码初始化','2021-08-12 10:28:52',null,1,1631257200000,1631260800000);
INSERT INTO "XXL_JOB_INFO" ("ID","JOB_GROUP","JOB_DESC","ADD_TIME","UPDATE_TIME","AUTHOR","ALARM_EMAIL","SCHEDULE_TYPE","SCHEDULE_CONF","MISFIRE_STRATEGY","EXECUTOR_ROUTE_STRATEGY","EXECUTOR_HANDLER","EXECUTOR_PARAM","EXECUTOR_BLOCK_STRATEGY","EXECUTOR_TIMEOUT","EXECUTOR_FAIL_RETRY_COUNT","GLUE_TYPE","GLUE_SOURCE","GLUE_REMARK","GLUE_UPDATETIME","CHILD_JOBID","TRIGGER_STATUS","TRIGGER_LAST_TIME","TRIGGER_NEXT_TIME") values
  (206,202,'lot文件解析','2021-08-19 20:19:36','2021-09-09 17:40:25','lixiao',null,'CRON','0 0/2 * * * ?','DO_NOTHING','FIRST','LotFileParsesXxlJobHandler',null,'SERIAL_EXECUTION',0,0,'BEAN',null,'GLUE代码初始化','2021-08-19 20:19:36',null,0,0,0);
COMMIT;

INSERT INTO "XXL_JOB_LOCK" ("LOCK_NAME") values
  ('schedule_lock');
COMMIT;

INSERT INTO "XXL_JOB_REGISTRY" ("ID","REGISTRY_GROUP","REGISTRY_KEY","REGISTRY_VALUE","UPDATE_TIME") values
  (4623,'EXECUTOR','spc-etl-executor','http://192.168.90.157:9999/','2021-09-10 15:14:22');
INSERT INTO "XXL_JOB_REGISTRY" ("ID","REGISTRY_GROUP","REGISTRY_KEY","REGISTRY_VALUE","UPDATE_TIME") values
  (4626,'EXECUTOR','atuoLimitCalc','http://192.168.90.182:9999/','2021-09-10 15:14:34');
INSERT INTO "XXL_JOB_REGISTRY" ("ID","REGISTRY_GROUP","REGISTRY_KEY","REGISTRY_VALUE","UPDATE_TIME") values
  (4603,'EXECUTOR','spc-rpt-executor','http://192.168.243.26:9999/','2021-09-10 15:14:23');
INSERT INTO "XXL_JOB_REGISTRY" ("ID","REGISTRY_GROUP","REGISTRY_KEY","REGISTRY_VALUE","UPDATE_TIME") values
  (4642,'EXECUTOR','spc-service-executor','http://192.168.41.244:9999/','2021-09-10 15:14:35');
INSERT INTO "XXL_JOB_REGISTRY" ("ID","REGISTRY_GROUP","REGISTRY_KEY","REGISTRY_VALUE","UPDATE_TIME") values
  (4628,'EXECUTOR','spc-etl-executor','http://192.168.41.210:9999/','2021-09-10 15:14:38');
INSERT INTO "XXL_JOB_REGISTRY" ("ID","REGISTRY_GROUP","REGISTRY_KEY","REGISTRY_VALUE","UPDATE_TIME") values
  (4611,'EXECUTOR','wat-service','http://192.168.243.14:9999/','2021-09-10 15:14:11');
INSERT INTO "XXL_JOB_REGISTRY" ("ID","REGISTRY_GROUP","REGISTRY_KEY","REGISTRY_VALUE","UPDATE_TIME") values
  (4640,'EXECUTOR','atuoLimitCalc','http://192.168.41.234:9999/','2021-09-10 15:14:29');
INSERT INTO "XXL_JOB_REGISTRY" ("ID","REGISTRY_GROUP","REGISTRY_KEY","REGISTRY_VALUE","UPDATE_TIME") values
  (4627,'EXECUTOR','spc-etl-executor','http://192.168.90.190:9999/','2021-09-10 15:14:15');
INSERT INTO "XXL_JOB_REGISTRY" ("ID","REGISTRY_GROUP","REGISTRY_KEY","REGISTRY_VALUE","UPDATE_TIME") values
  (4622,'EXECUTOR','atuoLimitCalc','http://192.168.147.88:9999/','2021-09-10 15:14:33');
INSERT INTO "XXL_JOB_REGISTRY" ("ID","REGISTRY_GROUP","REGISTRY_KEY","REGISTRY_VALUE","UPDATE_TIME") values
  (4610,'EXECUTOR','spc-rpt-executor','http://192.168.185.230:9999/','2021-09-10 15:14:36');
INSERT INTO "XXL_JOB_REGISTRY" ("ID","REGISTRY_GROUP","REGISTRY_KEY","REGISTRY_VALUE","UPDATE_TIME") values
  (4624,'EXECUTOR','spc-etl-executor','http://192.168.185.246:9999/','2021-09-10 15:14:26');
INSERT INTO "XXL_JOB_REGISTRY" ("ID","REGISTRY_GROUP","REGISTRY_KEY","REGISTRY_VALUE","UPDATE_TIME") values
  (4625,'EXECUTOR','spc-etl-executor','http://192.168.185.219:9999/','2021-09-10 15:14:26');
INSERT INTO "XXL_JOB_REGISTRY" ("ID","REGISTRY_GROUP","REGISTRY_KEY","REGISTRY_VALUE","UPDATE_TIME") values
  (4633,'EXECUTOR','wat-service','http://192.168.185.205:9999/','2021-09-10 15:14:15');
COMMIT;

INSERT INTO "XXL_JOB_USER" ("ID","USERNAME","PASSWORD","ROLE","PERMISSION") values
  (1,'admin','e10adc3949ba59abbe56e057f20f883e',1,null);
COMMIT;






-- end of exp: 2021-09-10 15:10:42.062
